name,P,link,per
PTV,15,/suolvetu/PTV.png,R.png
极光ES,20,/suolvetu/Aurora_ES.jpg,R.png
p52,25,/suolvetu/P-52.jpg,R.png
极光MR,30,/suolvetu/Aurora_MR.jpg,R.png
悬浮驷,30,/suolvetu/HoverQuad.png,R.png
野马阿尔法,30,/suolvetu/Mustang_Alpha.jpg,R.png
MPUV货运,35,/suolvetu/MPUV_1C.jpg,R.png
p72,35,/suolvetu/Archimedes.jpg,R.png
极光LX,35,/suolvetu/Aurora_LX.jpg,R.png
游侠CV,35,/suolvetu/Ranger_CV.jpg,R.png
游侠RC,35,/suolvetu/Ranger_RC.jpg,R.png
MPUV载人,40,/suolvetu/Mpuv-1p.jpg,R.png
STV,40,/suolvetu/STV.jpg,R.png
X1,40,/suolvetu/X1.jpg,R.png
极光LN,40,/suolvetu/Aurora_LN.jpg,R.png
蜻蜓,40,/suolvetu/Dragonfly.jpg,R.png
小刀,40,/suolvetu/Cutter.jpg,R.png
野马贝塔,40,/suolvetu/Mustang_Beta.jpg,R.png
游侠TR,40,/suolvetu/Ranger_TR.jpg,R.png
C8X,45,/suolvetu/C8X.jpg,R.png
Nox,45,/suolvetu/Nox.jpg,R.png
X1速度,45,/suolvetu/X1_Velocity.jpg,R.png
极光CL,45,/suolvetu/Aurora_CL.png,R.png
骡子,45,/suolvetu/Mule.jpg,R.png
100i,50,/suolvetu/100i.jpg,R.png
85X,50,/suolvetu/85x.jpg,R.png
X1力量,50,/suolvetu/X1_Force.jpg,R.png
大熊座,50,/suolvetu/Ursa.png,R.png
ROC,55,/suolvetu/ROC.jpg,R.png
狂怒,55,/suolvetu/Fury.jpg,R.png
狂怒MX,55,/suolvetu/Fury_MX.png,R.png
旋风,55,/suolvetu/Cyclone.jpg,R.png
野马伽马,55,/suolvetu/Mustang_Gamma.png,R.png
125a,60,/suolvetu/125a.png,R.png
300i,60,/suolvetu/300i.jpg,R.png
G12,60,/suolvetu/G12.png,R.png
G12r,60,/suolvetu/G12r.jpg,R.png
复仇泰坦,60,/suolvetu/Avenger_Titan.jpg,R.png
复仇追猎,60,/suolvetu/Avengers_Bounty.png,R.png
天猫座,60,/suolvetu/Lynx.jpg,R.png
135c,65,/suolvetu/135c.jpg,R.png
315p,65,/suolvetu/315p.jpg,R.png
C8R,65,/suolvetu/C8R.jpg,R.png
G12a,65,/suolvetu/G12a.jpg,R.png
信赖基础,65,/suolvetu/Reliant_Kore.jpg,R.png
旋风RC,65,/suolvetu/Cyclone_RC.jpg,R.png
旋风RN,65,/suolvetu/Cyclone_RN.png,R.png
旋风TR,65,/suolvetu/Cyclone_TR.jpg,R.png
野马德尔塔,65,/suolvetu/Mustang_Delta.jpg,R.png
325a,70,/suolvetu/325a.jpg,R.png
箭头,70,/suolvetu/Arrow.png,R.png
ROC-DS,75,/suolvetu/ROC-DS.jpg,R.png
信赖武装,75,/suolvetu/Reliant_Tana.jpg,R.png
旋风MT,75,/suolvetu/Cyclone-MT.jpg,R.png
风暴坦克,80,/suolvetu/Storm.png,R.png
斯巴达,80,/suolvetu/Spartan.png,R.png
旋风AA,80,/suolvetu/Cyclone_AA.jpg,R.png
游牧,80,/suolvetu/Nomad.jpg,R.png
复仇术士,85,/suolvetu/Avenger_Warlock.jpg,R.png
信赖科考,85,/suolvetu/Reliant_Sen.jpg,R.png
信使,85,/suolvetu/Herald.png,R.png
短剑,90,/suolvetu/Gladius.jpg,R.png
货A,90,/suolvetu/Hull-A.jpg,R.png
信赖新闻,95,/suolvetu/reliant-mako.jpg,R.png
M50,100,/suolvetu/M50.jpg,R.png
猎鹰,100,/suolvetu/Hawk.png,R.png
C1星灵,110,/suolvetu/C1.png,R.png
F7C普黄,110,/suolvetu/F7C.jpg,R.png
百夫长,110,/suolvetu/Centurion.png,R.png
黑弯刀,110,/suolvetu/CutlassBlack.png,R.png
掠夺者,110,/suolvetu/Buccaneer.jpg,R.png
自由枪骑兵,110,/suolvetu/Freelancer.jpg,R.png
利爪,115,/suolvetu/Talon.jpg,R.png
利爪伯劳,115,/suolvetu/Talon_Shrike.jpg,R.png
军团兵,120,/suolvetu/Legionnaire.jpg,R.png
新星坦克,120,/suolvetu/Nova.jpg,R.png
350r,125,/suolvetu/350r.jpg,R.png
F7C-S隐黄,125,/suolvetu/F7C-S_Hornet_Ghost.png,R.png
木筏,125,/suolvetu/RAFT.jpg,R.png
红弯刀,135,/suolvetu/Cutlass_Red.jpg,R.png
自由DUR,135,/suolvetu/freelancer-dur.jpg,R.png
F7C-R追黄,140,/suolvetu/F7C-R.jpg,R.png
货B,140,/suolvetu/HullB.jpg,R.png
弩炮,140,/suolvetu/Ballista.jpg,R.png
剃刀,145,/suolvetu/Razor.jpg,R.png
E1星灵,150,/suolvetu/E1.jpg,R.png
SRV,150,/suolvetu/SRV.jpg,R.png
报复基础,150,/suolvetu/Retaliator.jpg,SR.png
螳螂,150,/suolvetu/Mantis.png,R.png
剃刀LX,150,/suolvetu/Razor_LX.jpg,R.png
无垠,150,/suolvetu/Expanse.png,R.png
自由MAX,150,/suolvetu/Freelancer_MAX.jpg,R.png
勘探者,155,/suolvetu/Prospector.jpg,R.png
剃刀EX,155,/suolvetu/Razor_EX.jpg,R.png
角斗士,165,/suolvetu/Gladiator.jpg,R.png
军刀,170,/suolvetu/Sabre.jpg,R.png
卡图,170,/suolvetu/Khartu-Al.jpg,R.png
A1星灵,175,/suolvetu/A1.jpg,SR.png
蓝弯刀,175,/suolvetu/Cutlass_Blue.jpg,R.png
秃鹫,175,/suolvetu/Vulture.jpg,R.png
自由MIS,175,/suolvetu/FreelancerMIS.png,R.png
F7C-M超黄,180,/suolvetu/Super_Hornet.png,R.png
金牛座,190,/suolvetu/Taurus.jpg,SR.png
火神,200,/suolvetu/Vulcan.jpg,SR.png
C8,???,/suolvetu/C8.jpg,R.png
猎手,???,/suolvetu/Hunter.png,R.png
猎狐者,???,/suolvetu/Volper.jpg,R.png
野马欧米伽,55,/suolvetu/Mustang_Omega.png,SSR.png
飓风,210,/suolvetu/Hurricane.jpg,SR.png
巴努防卫者,220,/suolvetu/Defender.jpg,SR.png
桑托起亚,220,/suolvetu/San'tok.yai.jpg,SR.png
水龟,220,/suolvetu/Terrapin.jpg,SR.png
莱伦,225,/suolvetu/Railen.jpg,SR.png
天蝎座心宿二,230,/suolvetu/Scorpius_Antares.png,SR.png
钢弯刀,235,/suolvetu/cutlass_steel.jpg,SR.png
天蝎座,240,/suolvetu/Scorpius.png,SR.png
仙女座,240,/suolvetu/Andromeda.jpg,SR.png
先锋重装,240,/suolvetu/HopLite.jpg,SR.png
400i,250,/suolvetu/400i.png,SR.png
阿波罗分诊,250,/suolvetu/Apollo_Triage.jpg,SR.png
海盗船,250,/suolvetu/Corsair.png,SR.png
战神地狱,250,/suolvetu/Ares_Inferno.jpg,SR.png
战神离子,250,/suolvetu/Ares_Ion.jpg,SR.png
水星,260,/suolvetu/Mercury_Star_Runner.png,SR.png
先锋典狱长,260,/suolvetu/Warden.jpg,SR.png
阿波罗医疗,275,/suolvetu/Apollo_Medivac.jpg,SR.png
报复轰炸,275,/suolvetu/Retaliator_bomb.jpg,SR.png
刀锋,275,/suolvetu/Blade.png,SR.png
先锋哨兵,275,/suolvetu/Sentinel.jpg,SR.png
先锋先驱,290,/suolvetu/Harbinger.jpg,SR.png
日蚀,300,/suolvetu/Eclipse.png,SR.png
死镰,300,/suolvetu/Scythe.jpg,UR.png
星际远航者,300,/suolvetu/Starfarer.jpg,SR.png
天鹰座,310,/suolvetu/Aquila.jpg,SR.png
鼹鼠,315,/suolvetu/Mole.jpg,SR.png
救赎者,325,/suolvetu/Redeemer.jpg,SR.png
毛虫,330,/suolvetu/Caterpillar.jpg,SR.png
星际远航者双子座,340,/suolvetu/Starfarer_Gemini.jpg,SR.png
奋进,350,/suolvetu/Endeavor.jpg,SR.png
凤凰座,350,/suolvetu/phoenix.jpg,SR.png
坩埚,350,/suolvetu/Crucible.jpg,SR.png
货C,350,/suolvetu/Hull_C.png,SR.png
长刀,350,/suolvetu/Glaive.jpg,SR.png
女武神,375,/suolvetu/Valkyrie.jpg,SR.png
剁肉刀,???,/suolvetu/Cleaver.jpg,SR.png
收割者,???,/suolvetu/Harvestercarrier.png,SR.png
毒刺,???,/suolvetu/Vanduul_Stinger.png,SR.png
虚空,???,/suolvetu/Void02.jpg,SR.png
C2大力神,400,/suolvetu/C2.jpg,SR.png
徘徊者,440,/suolvetu/Prowler.jpg,SR.png
钻孔机,???,/suolvetu/Driller.png,SR.png
银河,380,/suolvetu/Galaxy.jpg,SSR.png
创世纪,400,/suolvetu/Genesis_Starliner.jpg,SSR.png
回收者,400,/suolvetu/Reclaimer.jpg,SSR.png
600i旅游,435,/suolvetu/600it.jpg,SSR.png
货D,450,/suolvetu/Hull_D.jpg,SSR.png
600i探索,475,/suolvetu/600ie.png,SSR.png
M2大力神,520,/suolvetu/M2.jpg,SSR.png
解放者,575,/suolvetu/liberator.png,SSR.png
猎户座,575,/suolvetu/Orion.jpg,SSR.png
克拉克,600,/suolvetu/Carrack.png,SSR.png
巴努商船,650,/suolvetu/Merchantman.png,SSR.png
英仙座,675,/suolvetu/Perseus.jpg,SSR.png
奥德赛,700,/suolvetu/Odyssey.jpg,SSR.png
锤头鲨,725,/suolvetu/Hammerhead.png,SSR.png
鹦鹉螺,725,/suolvetu/Nautilus.png,SSR.png
A2大力神,750,/suolvetu/A2.jpg,SSR.png
北极星,750,/suolvetu/polaris.jpg,SSR.png
F7AMK1,???,/suolvetu/F7A_Hornet_Mk.I.png,UR.png
F7AMK2,???,/suolvetu/F7A_MkII.jpg,SSR.png
飞马座,???,/suolvetu/Pegasus.jpg,UR.png
渡鸦,200,/suolvetu/Sabre_Raven.png,UR.png
货E,750,/suolvetu/HullE.jpg,UR.png
开拓者,850,/suolvetu/Pioneer.jpg,UR.png
890悦动,950,/suolvetu/890.png,UR.png
伊德里斯M,1000,/suolvetu/Idris_M.jpg,UR.png
伊德里斯P,1500,/suolvetu/Idris-P.jpg,UR.png
海妖,1650,/suolvetu/Kraken.jpg,UR.png
伊德里斯K,1800,/suolvetu/Idris_K.jpg,UR.png
海妖私掠,2000,/suolvetu/Privateer.jpg,UR.png
标枪,3000,/suolvetu/Javelin.jpg,UR.png
F8A,???,/suolvetu/F8.png,UR.png
F8C,300,/suolvetu/F8-C.png,SSR.png
T8A,???,/suolvetu/T8A_Gladiator.jpg,UR.png
王船,???,/suolvetu/Kingship.png,UR.png
惩戒,???,/suolvetu/Retribution.jpg,UR.png
风暴AA,100,/suolvetu/Storm_AA.jpg,R.png
速伦,70,/suolvetu/Syulen.png,R.png
小刀侦察,50,/suolvetu/Cutter_Scout.jpg,R.png
宙斯CL,150,/suolvetu/ZeusMkII_CL.png,SR.png
宙斯ES,150,/suolvetu/Zeus_MkII_ES.jpg,SR.png
宙斯MR,190,/suolvetu/ZeusMkII_MR.png,SR.png
阿拉斯塔,575,/suolvetu/Arrastra.png,SSR.png
小刀漫步者,50,/suolvetu/Cutter_Rambler.png,R.png
F7CMK2,175,/suolvetu/F7C_mkII.png,SR.png
大熊座医疗,60,/suolvetu/Ursa_Medivac.jpg,R.png
脉冲,30,/suolvetu/Pulse.png,R.png
脉冲LX,30,/suolvetu/Pulse_LX.png,R.png
MPUV牵引,40,/suolvetu/MPUV-1T.png,R.png
军刀火鸟,185,/suolvetu/Sabre_Firebird.jpg,SR.png
铁甲,450,/suolvetu/Ironclad.jpg,SSR.png
铁甲突袭,535,/suolvetu/Ironclad_Assault.jpg,SSR.png
军刀游隼,185,/suolvetu/Sabre_Peregrine.jpg,SR.png
ATLS,40,/suolvetu/ATLS.jpg,R.png